Jett Alexander,23,TOR,1,0,0,0,0,0,0,0,,0.00,0,0.0,1,0,,0,,,0,0,0,0,Jake Allen,32,MTL,42,41,15,24,3,145,1335,1190,.891,3.55,1,5.8,2450,20,.488,10,113,-17.17,0,1,1,2,Frederik Andersen,33,CAR,34,33,21,11,1,82,849,767,.903,2.48,1,4.7,1984,17,.515,6,101,-0.71,0,1,1,0,Craig Anderson,41,BUF,26,24,11,11,2,76,823,747,.908,3.06,1,4.9,1490,12,.500,5,96,2.80,0,1,1,2,Justus Annunen,22,COL,2,2,1,1,0,7,48,41,.854,3.58,0,0.0,117,1,.500,1,,,0,0,0,0,Yaroslav Askarov,20,NSH,1,1,0,1,0,4,35,31,.886,4.15,0,0.1,58,0,.000,0,,,0,0,0,0,Matthew Berlin,,EDM,1,0,0,0,0,0,1,1,1.000,0.00,0,0.0,2,0,,0,,,0,0,0,0,Jordan Binnington,29,STL,61,60,27,27,6,194,1826,1632,.894,3.31,2,8.4,3516,27,.450,13,111,-19.16,0,2,2,19,Mackenzie Blackwood,26,NJD,22,20,10,6,2,60,563,503,.893,3.20,0,2.6,1126,11,.550,5,111,-6.09,0,0,0,2,Sergei Bobrovsky,34,FLA,50,49,24,20,3,145,1466,1321,.901,3.07,1,7.8,2834,30,.612,10,103,-4.63,0,0,0,2,Laurent Brossoit,29,VEG,11,10,7,0,3,23,317,294,.927,2.17,0,2.5,636,7,.700,1,,,0,0,0,0,Jack Campbell,31,EDM,36,34,21,9,4,115,1027,912,.888,3.41,1,4.1,2026,12,.353,8,117,-16.66,0,1,1,2,Eric Comrie,27,BUF,19,19,9,9,1,68,594,526,.886,3.67,1,2.2,1112,8,.421,5,120,-11.12,0,1,1,2,Pheonix Copley,31,LAK,37,35,24,6,3,92,947,855,.903,2.64,1,5.2,2089,21,.600,8,101,-1.32,0,1,1,9,Joey Daccord,26,SEA,5,4,2,1,1,13,130,117,.900,3.14,0,0.7,248,1,.250,0,,,0,0,0,0,Collin Delia,28,VAN,20,18,10,6,2,62,526,464,.882,3.28,0,1.8,1136,8,.444,4,123,-11.64,0,1,1,0,Aaron Dell,33,SJS,4,3,0,3,0,9,103,94,.913,2.71,0,0.7,199,2,.667,0,,,0,0,0,0,Thatcher Demko,27,VAN,32,32,14,14,4,99,1005,906,.901,3.16,1,5.4,1879,14,.438,6,103,-2.77,0,1,1,4,Casey DeSmith,31,PIT,38,33,15,16,4,109,1142,1033,.905,3.17,0,6.5,2066,16,.485,7,100,0.35,0,0,0,2,Lukáš Dostál,22,ANA,19,17,4,10,3,67,679,612,.901,3.78,0,3.6,1063,12,.706,1,103,-1.99,0,0,0,0,Brian Elliott,37,TBL,22,22,12,8,2,75,689,614,.891,3.40,2,3.0,1325,9,.409,5,114,-9.03,0,1,1,0,Olle Eriksson Ek,23,ANA,1,1,0,0,1,5,39,34,.872,4.69,0,0.1,64,0,.000,0,,,0,0,0,0,Samuel Ersson,23,PHI,12,10,6,3,0,33,327,294,.899,3.07,1,1.7,645,5,.500,2,,,0,0,0,0,Dylan Ferguson,24,OTT,2,2,1,1,0,5,83,78,.940,2.52,0,0.8,119,1,.500,0,,,0,0,0,0,Marc-André Fleury,38,MIN,46,45,24,16,4,126,1367,1241,.908,2.85,2,8.2,2654,26,.578,8,96,4.89,0,1,1,2,Anton Forsberg,30,OTT,28,25,11,11,2,80,817,737,.902,3.26,2,4.4,1472,12,.480,6,102,-1.77,0,0,0,2,Pavel Francouz,32,COL,16,16,8,7,1,42,493,451,.915,2.61,1,3.3,965,9,.563,3,89,5.20,0,1,1,0,Alexandar Georgiev,26,COL,62,62,40,16,6,156,1904,1748,.918,2.53,5,13.4,3700,41,.661,6,86,26.31,0,1,1,0,John Gibson,29,ANA,53,52,14,31,8,200,1983,1783,.899,3.99,1,10.2,3005,25,.481,13,105,-10.13,0,2,2,12,Jon Gillies,29,CBJ,3,2,1,1,0,9,66,57,.864,4.57,0,0.1,118,0,.000,0,,,0,0,0,0,Jet Greaves,21,CBJ,1,1,0,1,0,3,49,46,.939,3.05,0,0.4,59,1,1.000,0,,,0,0,0,0,Thomas Greiss,37,STL,21,16,7,10,0,65,626,561,.896,3.58,1,3.0,1089,6,.375,4,108,-5.06,0,0,0,0,Philipp Grubauer,31,SEA,39,36,17,14,4,98,930,832,.895,2.85,0,4.4,2066,22,.611,11,110,-8.95,0,1,1,0,Filip Gustavsson,24,MIN,39,37,22,9,7,81,1173,1092,.931,2.10,3,9.8,2311,27,.730,4,72,31.32,0,1,1,0,Jaroslav Halák,37,NYR,25,24,10,9,5,66,680,614,.903,2.72,1,3.8,1454,15,.625,3,101,-0.89,0,1,1,0,Carter Hart,24,PHI,55,54,22,23,10,155,1665,1510,.907,2.94,2,9.9,3164,24,.444,11,97,4.42,0,0,0,0,Magnus Hellberg,31,TOT,18,14,5,8,1,50,447,397,.888,3.20,0,1.8,936,6,.429,2,117,-7.20,0,0,0,0,Magnus Hellberg,31,DET,17,13,4,8,1,48,416,368,.885,3.29,0,1.5,876,5,.385,2,121,-8.17,0,0,0,0,Magnus Hellberg,31,OTT,1,1,1,0,0,2,31,29,.935,2.00,0,0.3,60,1,1.000,0,,,0,0,0,0,Connor Hellebuyck,29,WPG,64,64,37,25,2,157,1964,1807,.920,2.49,4,14.3,3778,44,.688,6,83,31.05,0,0,0,0,Adin Hill,26,VEG,27,25,16,7,1,61,721,660,.915,2.45,0,4.9,1491,16,.640,4,88,8.04,0,1,1,2,Joel Hofer,22,STL,6,6,3,1,1,17,179,162,.905,3.22,0,1.0,317,3,.500,1,,,0,0,0,0,Ville Husso,27,DET,56,56,26,22,7,167,1603,1436,.896,3.11,4,7.7,3220,26,.464,17,109,-13.51,0,0,0,0,Michael Hutchinson,32,CBJ,16,10,2,6,3,54,432,378,.875,4.29,0,1.2,755,2,.200,2,131,-12.64,0,1,1,0,Connor Ingram,25,ARI,27,26,6,13,8,89,960,871,.907,3.37,1,5.7,1587,15,.577,4,97,2.92,0,0,0,2,Tristan Jarry,27,PIT,47,47,24,13,7,128,1414,1286,.909,2.90,2,8.8,2650,27,.574,5,95,7.39,0,2,2,2,Jonas Johansson,27,COL,3,2,2,0,0,5,73,68,.932,2.10,0,0.6,143,1,.500,0,,,0,0,0,0,Martin Jones,33,SEA,48,42,27,13,3,131,1145,1014,.886,2.99,3,4.3,2626,20,.476,14,119,-21.37,0,0,0,0,Kaapo Kähkönen,26,SJS,37,37,9,20,7,135,1149,1014,.883,3.85,1,4.0,2106,14,.378,12,123,-24.98,0,0,0,0,Erik Kallgren,26,TOR,10,9,3,2,4,25,246,221,.898,2.67,0,1.2,562,3,.333,2,,,0,0,0,0,Anton Khudobin,36,CHI,1,1,0,1,0,6,28,22,.786,6.00,0,-0.2,60,0,.000,1,,,0,0,0,0,Keith Kinkaid,33,TOT,2,1,1,0,0,2,40,38,.950,1.37,0,0.4,88,1,1.000,0,,,0,0,0,0,Keith Kinkaid,33,BOS,1,1,1,0,0,1,31,30,.968,1.00,0,0.4,60,1,1.000,0,,,0,0,0,0,Keith Kinkaid,33,COL,1,0,0,0,0,1,9,8,.889,2.15,0,0.0,28,0,,0,,,0,0,0,0,Spencer Knight,21,FLA,21,19,9,8,3,62,627,565,.901,3.18,1,3.4,1169,8,.421,3,103,-1.96,0,1,1,0,Pyotr Kochetkov,23,CAR,24,23,12,7,5,57,627,570,.909,2.44,4,3.9,1404,13,.565,4,95,3.04,0,0,0,0,Joonas Korpisalo,28,TOT,39,37,18,14,4,104,1206,1102,.914,2.87,1,8.0,2172,24,.649,3,90,11.47,0,0,0,0,Joonas Korpisalo,28,CBJ,28,26,11,11,3,82,926,844,.911,3.17,0,5.9,1551,16,.615,2,92,6.66,0,0,0,0,Joonas Korpisalo,28,LAK,11,11,7,3,1,22,280,258,.921,2.13,1,2.1,621,8,.727,1,,,0,0,0,0,Darcy Kuemper,32,WSH,57,56,22,26,7,154,1674,1520,.908,2.87,5,10.1,3224,28,.500,7,96,6.29,0,0,0,4,Kevin Lankinen,27,NSH,19,18,9,8,1,49,583,534,.916,2.75,0,4.0,1069,11,.611,3,88,6.82,0,0,0,2,Devon Levi,21,BUF,7,7,5,2,0,21,222,201,.905,2.94,0,1.3,429,5,.714,1,,,0,0,0,0,Charlie Lindgren,29,WSH,31,26,13,11,3,86,853,767,.899,3.05,0,4.4,1692,14,.538,4,105,-4.33,0,1,1,0,Ukko-Pekka Luukkonen,23,BUF,33,32,17,11,4,115,1054,939,.891,3.61,0,4.5,1910,13,.406,7,114,-14.08,0,1,1,2,Alex Lyon,30,FLA,15,14,9,4,2,43,488,445,.912,2.89,1,3.1,893,10,.714,2,92,3.73,0,0,0,0,Eetu Makiniemi,23,SJS,2,1,1,0,1,3,32,29,.906,2.13,0,0.2,84,1,1.000,0,,,0,0,0,0,Kevin Mandolese,22,OTT,3,3,1,2,0,10,119,109,.916,3.29,0,0.8,182,2,.667,0,,,0,0,0,0,Jacob Markström,33,CGY,59,58,23,21,12,166,1542,1376,.892,2.92,1,6.9,3411,26,.448,14,112,-18.35,0,2,2,14,Spencer Martin,27,VAN,29,27,11,15,1,107,830,723,.871,3.99,0,1.9,1610,8,.296,9,135,-27.53,0,0,0,0,Leevi Merilainen,20,OTT,2,2,0,1,1,6,49,43,.878,4.23,0,0.1,85,1,.500,1,,,0,0,0,0,Elvis Merz?ikins,28,CBJ,30,27,7,18,2,110,889,779,.876,4.23,0,2.5,1560,8,.296,6,129,-24.88,0,1,1,4,Sam Montembeault,26,MTL,40,39,16,19,3,133,1345,1212,.901,3.42,0,7.2,2334,21,.538,8,103,-4.22,0,0,0,0,Petr Mrázek,30,CHI,39,38,10,22,3,132,1248,1116,.894,3.66,0,5.8,2165,19,.500,7,110,-12.50,0,2,2,4,Matt Murray,28,TOR,26,26,14,8,2,74,761,687,.903,3.01,1,4.2,1473,13,.500,8,102,-1.13,0,0,0,0,Matt Murray,24,DAL,3,3,1,2,0,10,64,54,.844,3.39,0,0.0,177,1,.333,1,,,0,0,0,0,Alex Nedeljkovic,27,DET,15,13,5,7,2,49,466,417,.895,3.53,0,2.2,833,5,.385,2,110,-4.38,0,0,0,2,Jake Oettinger,24,DAL,62,61,37,11,11,144,1776,1632,.919,2.37,5,12.7,3645,39,.639,8,85,26.05,0,1,1,2,Ji?í Patera,23,VEG,2,2,2,0,0,5,70,65,.929,2.50,0,0.6,120,2,1.000,0,,,0,0,0,0,Calvin Petersen,28,LAK,10,9,5,3,2,34,257,223,.868,3.75,0,0.5,543,3,.333,3,,,0,0,0,0,Cayden Primeau,23,MTL,3,2,0,2,0,8,54,46,.852,3.46,0,0.0,139,1,.500,1,,,0,0,0,0,Ivan Prosvetov,23,ARI,7,7,4,3,0,28,234,206,.880,3.98,0,0.8,422,3,.429,2,,,0,0,0,0,Jonathan Quick,37,TOT,41,36,16,15,6,127,1080,953,.882,3.41,2,3.7,2234,14,.389,10,123,-23.59,0,0,0,4,Jonathan Quick,37,LAK,31,27,11,13,4,99,798,699,.876,3.50,1,2.2,1698,10,.370,8,130,-22.59,0,0,0,2,Jonathan Quick,37,VEG,10,9,5,2,2,28,282,254,.901,3.13,1,1.5,536,4,.444,2,,,0,0,0,2,Antti Raanta,33,CAR,27,26,19,3,3,58,644,586,.910,2.23,4,4.0,1561,13,.500,5,94,3.66,0,0,0,0,James Reimer,34,SJS,43,41,12,21,8,147,1335,1188,.890,3.48,3,5.6,2538,18,.439,11,115,-19.17,0,0,0,2,David Rittich,30,WPG,21,18,9,8,1,50,506,456,.901,2.67,0,2.7,1122,8,.444,2,103,-1.55,0,0,0,2,Ilya Samsonov,25,TOR,42,40,27,10,5,96,1184,1088,.919,2.33,4,8.5,2476,27,.675,7,85,17.37,0,2,2,0,Felix Sandström,26,PHI,20,18,3,12,3,69,575,506,.880,3.72,0,1.8,1113,5,.278,4,125,-13.94,0,0,0,0,Juuse Saros,27,NSH,64,63,33,23,7,171,2099,1928,.919,2.69,2,14.9,3810,40,.635,9,85,29.98,0,1,1,0,Akira Schmid,22,NJD,18,14,9,5,2,32,408,376,.922,2.13,1,3.0,901,9,.643,2,82,7.07,0,0,0,0,Igor Shesterkin,27,NYR,58,58,37,13,8,144,1719,1575,.916,2.48,3,11.8,3489,35,.603,6,87,20.59,0,1,1,2,Arturs Silovs,21,VAN,5,5,3,2,0,14,152,138,.908,2.75,0,0.9,306,4,.800,1,,,0,0,0,0,Stuart Skinner,24,EDM,50,48,29,14,5,133,1536,1403,.913,2.75,1,10.1,2903,29,.604,9,90,14.07,0,2,2,0,Arvid Soderblom,23,CHI,15,13,2,10,2,48,453,405,.894,3.45,0,2.1,835,6,.462,2,111,-4.63,0,0,0,0,Ilya Sorokin,27,NYI,62,60,31,22,7,140,1838,1698,.924,2.34,6,14.1,3587,42,.700,8,80,35.99,0,1,1,0,Alex Stalock,35,CHI,27,24,9,15,2,74,804,730,.908,3.01,2,4.9,1475,13,.542,2,96,2.98,0,0,0,16,Jaxson Stauber,23,CHI,6,6,5,1,0,17,191,174,.911,2.81,0,1.2,364,4,.667,0,,,0,0,0,0,Anthony Stolarz,29,ANA,19,12,5,6,0,51,494,443,.897,3.73,0,2.4,820,3,.250,2,108,-3.70,0,0,0,0,Jeremy Swayman,24,BOS,37,33,24,6,4,76,953,877,.920,2.27,4,6.9,2013,21,.636,4,83,15.25,0,0,0,2,Mads Søgaard,22,OTT,19,17,8,6,3,58,524,466,.889,3.32,0,2.2,1048,8,.471,4,116,-7.83,0,1,1,0,Cam Talbot,35,OTT,36,32,17,14,2,95,935,840,.898,2.93,1,4.7,1947,21,.656,9,106,-5.47,0,0,0,0,Daniil Tarasov,23,CBJ,17,16,4,11,1,57,528,471,.892,3.91,0,2.3,874,6,.375,5,113,-6.44,0,1,1,0,Logan Thompson,25,VEG,37,36,21,13,3,96,1132,1036,.915,2.65,2,7.7,2171,20,.556,1,89,12.39,0,0,0,2,Dustin Tokarski,33,PIT,4,2,1,2,0,12,117,105,.897,3.44,0,0.6,209,1,.500,0,,,0,0,0,0,Linus Ullmark,29,BOS,49,48,40,6,1,91,1457,1366,.938,1.89,2,13.2,2882,43,.896,1,65,48.51,1,0,1,2,Vítek Van??ek,27,NJD,52,48,33,11,4,119,1333,1214,.911,2.45,3,8.4,2916,32,.667,9,93,8.64,0,3,3,2,Semyon Varlamov,34,NYI,23,22,11,9,2,60,689,629,.913,2.70,2,4.5,1335,14,.636,4,91,5.97,0,0,0,0,Andrei Vasilevskiy,28,TBL,60,60,34,22,4,159,1875,1716,.915,2.65,4,12.7,3596,35,.583,11,89,20.53,0,2,2,0,Karel Vejmelka,26,ARI,50,49,18,24,6,168,1670,1502,.899,3.43,3,8.6,2941,22,.449,7,105,-8.10,0,0,0,2,Daniel Vlada?,25,CGY,27,23,14,6,5,71,667,596,.894,2.87,0,3.1,1484,10,.435,4,111,-7.13,0,0,0,2,Scott Wedgewood,30,DAL,21,18,9,8,3,51,603,552,.915,2.72,1,4.1,1127,13,.722,1,88,6.74,0,0,0,0,Dylan Wells,25,CHI,1,0,0,0,0,1,13,12,.923,3.00,0,0.1,20,0,,0,,,0,0,0,0,Dustin Wolf,21,CGY,1,1,1,0,0,1,24,23,.958,1.00,0,0.3,60,1,1.000,0,,,0,0,0,0,Joseph Woll,24,TOR,7,7,6,1,0,15,219,204,.932,2.16,0,1.8,416,6,.857,0,,,0,0,0,0,Jett Alexander,23,TOR,1,0,0,0,0,0,0,0,,0.00,0,0.0,1,0,,0,,,0,0,0,0,Jake Allen,32,MTL,42,41,15,24,3,145,1335,1190,.891,3.55,1,5.8,2450,20,.488,10,113,-17.17,0,1,1,2,Frederik Andersen,33,CAR,34,33,21,11,1,82,849,767,.903,2.48,1,4.7,1984,17,.515,6,101,-0.71,0,1,1,0,Craig Anderson,41,BUF,26,24,11,11,2,76,823,747,.908,3.06,1,4.9,1490,12,.500,5,96,2.80,0,1,1,2,Justus Annunen,22,COL,2,2,1,1,0,7,48,41,.854,3.58,0,0.0,117,1,.500,1,,,0,0,0,0,Yaroslav Askarov,20,NSH,1,1,0,1,0,4,35,31,.886,4.15,0,0.1,58,0,.000,0,,,0,0,0,0,Matthew Berlin,,EDM,1,0,0,0,0,0,1,1,1.000,0.00,0,0.0,2,0,,0,,,0,0,0,0,Jordan Binnington,29,STL,61,60,27,27,6,194,1826,1632,.894,3.31,2,8.4,3516,27,.450,13,111,-19.16,0,2,2,19,Mackenzie Blackwood,26,NJD,22,20,10,6,2,60,563,503,.893,3.20,0,2.6,1126,11,.550,5,111,-6.09,0,0,0,2,Sergei Bobrovsky,34,FLA,50,49,24,20,3,145,1466,1321,.901,3.07,1,7.8,2834,30,.612,10,103,-4.63,0,0,0,2,Laurent Brossoit,29,VEG,11,10,7,0,3,23,317,294,.927,2.17,0,2.5,636,7,.700,1,,,0,0,0,0,Jack Campbell,31,EDM,36,34,21,9,4,115,1027,912,.888,3.41,1,4.1,2026,12,.353,8,117,-16.66,0,1,1,2,Eric Comrie,27,BUF,19,19,9,9,1,68,594,526,.886,3.67,1,2.2,1112,8,.421,5,120,-11.12,0,1,1,2,Pheonix Copley,31,LAK,37,35,24,6,3,92,947,855,.903,2.64,1,5.2,2089,21,.600,8,101,-1.32,0,1,1,9,Joey Daccord,26,SEA,5,4,2,1,1,13,130,117,.900,3.14,0,0.7,248,1,.250,0,,,0,0,0,0,Collin Delia,28,VAN,20,18,10,6,2,62,526,464,.882,3.28,0,1.8,1136,8,.444,4,123,-11.64,0,1,1,0,Aaron Dell,33,SJS,4,3,0,3,0,9,103,94,.913,2.71,0,0.7,199,2,.667,0,,,0,0,0,0,Thatcher Demko,27,VAN,32,32,14,14,4,99,1005,906,.901,3.16,1,5.4,1879,14,.438,6,103,-2.77,0,1,1,4,Casey DeSmith,31,PIT,38,33,15,16,4,109,1142,1033,.905,3.17,0,6.5,2066,16,.485,7,100,0.35,0,0,0,2,Lukáš Dostál,22,ANA,19,17,4,10,3,67,679,612,.901,3.78,0,3.6,1063,12,.706,1,103,-1.99,0,0,0,0,Brian Elliott,37,TBL,22,22,12,8,2,75,689,614,.891,3.40,2,3.0,1325,9,.409,5,114,-9.03,0,1,1,0,Olle Eriksson Ek,23,ANA,1,1,0,0,1,5,39,34,.872,4.69,0,0.1,64,0,.000,0,,,0,0,0,0,Samuel Ersson,23,PHI,12,10,6,3,0,33,327,294,.899,3.07,1,1.7,645,5,.500,2,,,0,0,0,0,Dylan Ferguson,24,OTT,2,2,1,1,0,5,83,78,.940,2.52,0,0.8,119,1,.500,0,,,0,0,0,0,Marc-André Fleury,38,MIN,46,45,24,16,4,126,1367,1241,.908,2.85,2,8.2,2654,26,.578,8,96,4.89,0,1,1,2,Anton Forsberg,30,OTT,28,25,11,11,2,80,817,737,.902,3.26,2,4.4,1472,12,.480,6,102,-1.77,0,0,0,2,Pavel Francouz,32,COL,16,16,8,7,1,42,493,451,.915,2.61,1,3.3,965,9,.563,3,89,5.20,0,1,1,0,Alexandar Georgiev,26,COL,62,62,40,16,6,156,1904,1748,.918,2.53,5,13.4,3700,41,.661,6,86,26.31,0,1,1,0,John Gibson,29,ANA,53,52,14,31,8,200,1983,1783,.899,3.99,1,10.2,3005,25,.481,13,105,-10.13,0,2,2,12,Jon Gillies,29,CBJ,3,2,1,1,0,9,66,57,.864,4.57,0,0.1,118,0,.000,0,,,0,0,0,0,Jet Greaves,21,CBJ,1,1,0,1,0,3,49,46,.939,3.05,0,0.4,59,1,1.000,0,,,0,0,0,0,Thomas Greiss,37,STL,21,16,7,10,0,65,626,561,.896,3.58,1,3.0,1089,6,.375,4,108,-5.06,0,0,0,0,Philipp Grubauer,31,SEA,39,36,17,14,4,98,930,832,.895,2.85,0,4.4,2066,22,.611,11,110,-8.95,0,1,1,0,Filip Gustavsson,24,MIN,39,37,22,9,7,81,1173,1092,.931,2.10,3,9.8,2311,27,.730,4,72,31.32,0,1,1,0,Jaroslav Halák,37,NYR,25,24,10,9,5,66,680,614,.903,2.72,1,3.8,1454,15,.625,3,101,-0.89,0,1,1,0,Carter Hart,24,PHI,55,54,22,23,10,155,1665,1510,.907,2.94,2,9.9,3164,24,.444,11,97,4.42,0,0,0,0,Magnus Hellberg,31,TOT,18,14,5,8,1,50,447,397,.888,3.20,0,1.8,936,6,.429,2,117,-7.20,0,0,0,0,Magnus Hellberg,31,DET,17,13,4,8,1,48,416,368,.885,3.29,0,1.5,876,5,.385,2,121,-8.17,0,0,0,0,Magnus Hellberg,31,OTT,1,1,1,0,0,2,31,29,.935,2.00,0,0.3,60,1,1.000,0,,,0,0,0,0,Connor Hellebuyck,29,WPG,64,64,37,25,2,157,1964,1807,.920,2.49,4,14.3,3778,44,.688,6,83,31.05,0,0,0,0,Adin Hill,26,VEG,27,25,16,7,1,61,721,660,.915,2.45,0,4.9,1491,16,.640,4,88,8.04,0,1,1,2,Joel Hofer,22,STL,6,6,3,1,1,17,179,162,.905,3.22,0,1.0,317,3,.500,1,,,0,0,0,0,Ville Husso,27,DET,56,56,26,22,7,167,1603,1436,.896,3.11,4,7.7,3220,26,.464,17,109,-13.51,0,0,0,0,Michael Hutchinson,32,CBJ,16,10,2,6,3,54,432,378,.875,4.29,0,1.2,755,2,.200,2,131,-12.64,0,1,1,0,Connor Ingram,25,ARI,27,26,6,13,8,89,960,871,.907,3.37,1,5.7,1587,15,.577,4,97,2.92,0,0,0,2,Tristan Jarry,27,PIT,47,47,24,13,7,128,1414,1286,.909,2.90,2,8.8,2650,27,.574,5,95,7.39,0,2,2,2,Jonas Johansson,27,COL,3,2,2,0,0,5,73,68,.932,2.10,0,0.6,143,1,.500,0,,,0,0,0,0,Martin Jones,33,SEA,48,42,27,13,3,131,1145,1014,.886,2.99,3,4.3,2626,20,.476,14,119,-21.37,0,0,0,0,Kaapo Kähkönen,26,SJS,37,37,9,20,7,135,1149,1014,.883,3.85,1,4.0,2106,14,.378,12,123,-24.98,0,0,0,0,Erik Kallgren,26,TOR,10,9,3,2,4,25,246,221,.898,2.67,0,1.2,562,3,.333,2,,,0,0,0,0,Anton Khudobin,36,CHI,1,1,0,1,0,6,28,22,.786,6.00,0,-0.2,60,0,.000,1,,,0,0,0,0,Keith Kinkaid,33,TOT,2,1,1,0,0,2,40,38,.950,1.37,0,0.4,88,1,1.000,0,,,0,0,0,0,Keith Kinkaid,33,BOS,1,1,1,0,0,1,31,30,.968,1.00,0,0.4,60,1,1.000,0,,,0,0,0,0,Keith Kinkaid,33,COL,1,0,0,0,0,1,9,8,.889,2.15,0,0.0,28,0,,0,,,0,0,0,0,Spencer Knight,21,FLA,21,19,9,8,3,62,627,565,.901,3.18,1,3.4,1169,8,.421,3,103,-1.96,0,1,1,0,Pyotr Kochetkov,23,CAR,24,23,12,7,5,57,627,570,.909,2.44,4,3.9,1404,13,.565,4,95,3.04,0,0,0,0,Joonas Korpisalo,28,TOT,39,37,18,14,4,104,1206,1102,.914,2.87,1,8.0,2172,24,.649,3,90,11.47,0,0,0,0,Joonas Korpisalo,28,CBJ,28,26,11,11,3,82,926,844,.911,3.17,0,5.9,1551,16,.615,2,92,6.66,0,0,0,0,Joonas Korpisalo,28,LAK,11,11,7,3,1,22,280,258,.921,2.13,1,2.1,621,8,.727,1,,,0,0,0,0,Darcy Kuemper,32,WSH,57,56,22,26,7,154,1674,1520,.908,2.87,5,10.1,3224,28,.500,7,96,6.29,0,0,0,4,Kevin Lankinen,27,NSH,19,18,9,8,1,49,583,534,.916,2.75,0,4.0,1069,11,.611,3,88,6.82,0,0,0,2,Devon Levi,21,BUF,7,7,5,2,0,21,222,201,.905,2.94,0,1.3,429,5,.714,1,,,0,0,0,0,Charlie Lindgren,29,WSH,31,26,13,11,3,86,853,767,.899,3.05,0,4.4,1692,14,.538,4,105,-4.33,0,1,1,0,Ukko-Pekka Luukkonen,23,BUF,33,32,17,11,4,115,1054,939,.891,3.61,0,4.5,1910,13,.406,7,114,-14.08,0,1,1,2,Alex Lyon,30,FLA,15,14,9,4,2,43,488,445,.912,2.89,1,3.1,893,10,.714,2,92,3.73,0,0,0,0,Eetu Makiniemi,23,SJS,2,1,1,0,1,3,32,29,.906,2.13,0,0.2,84,1,1.000,0,,,0,0,0,0,Kevin Mandolese,22,OTT,3,3,1,2,0,10,119,109,.916,3.29,0,0.8,182,2,.667,0,,,0,0,0,0,Jacob Markström,33,CGY,59,58,23,21,12,166,1542,1376,.892,2.92,1,6.9,3411,26,.448,14,112,-18.35,0,2,2,14,Spencer Martin,27,VAN,29,27,11,15,1,107,830,723,.871,3.99,0,1.9,1610,8,.296,9,135,-27.53,0,0,0,0,Leevi Merilainen,20,OTT,2,2,0,1,1,6,49,43,.878,4.23,0,0.1,85,1,.500,1,,,0,0,0,0,Elvis Merz?ikins,28,CBJ,30,27,7,18,2,110,889,779,.876,4.23,0,2.5,1560,8,.296,6,129,-24.88,0,1,1,4,Sam Montembeault,26,MTL,40,39,16,19,3,133,1345,1212,.901,3.42,0,7.2,2334,21,.538,8,103,-4.22,0,0,0,0,Petr Mrázek,30,CHI,39,38,10,22,3,132,1248,1116,.894,3.66,0,5.8,2165,19,.500,7,110,-12.50,0,2,2,4,Matt Murray,28,TOR,26,26,14,8,2,74,761,687,.903,3.01,1,4.2,1473,13,.500,8,102,-1.13,0,0,0,0,Matt Murray,24,DAL,3,3,1,2,0,10,64,54,.844,3.39,0,0.0,177,1,.333,1,,,0,0,0,0,Alex Nedeljkovic,27,DET,15,13,5,7,2,49,466,417,.895,3.53,0,2.2,833,5,.385,2,110,-4.38,0,0,0,2,Jake Oettinger,24,DAL,62,61,37,11,11,144,1776,1632,.919,2.37,5,12.7,3645,39,.639,8,85,26.05,0,1,1,2,Ji?í Patera,23,VEG,2,2,2,0,0,5,70,65,.929,2.50,0,0.6,120,2,1.000,0,,,0,0,0,0,Calvin Petersen,28,LAK,10,9,5,3,2,34,257,223,.868,3.75,0,0.5,543,3,.333,3,,,0,0,0,0,Cayden Primeau,23,MTL,3,2,0,2,0,8,54,46,.852,3.46,0,0.0,139,1,.500,1,,,0,0,0,0,Ivan Prosvetov,23,ARI,7,7,4,3,0,28,234,206,.880,3.98,0,0.8,422,3,.429,2,,,0,0,0,0,Jonathan Quick,37,TOT,41,36,16,15,6,127,1080,953,.882,3.41,2,3.7,2234,14,.389,10,123,-23.59,0,0,0,4,Jonathan Quick,37,LAK,31,27,11,13,4,99,798,699,.876,3.50,1,2.2,1698,10,.370,8,130,-22.59,0,0,0,2,Jonathan Quick,37,VEG,10,9,5,2,2,28,282,254,.901,3.13,1,1.5,536,4,.444,2,,,0,0,0,2,Antti Raanta,33,CAR,27,26,19,3,3,58,644,586,.910,2.23,4,4.0,1561,13,.500,5,94,3.66,0,0,0,0,James Reimer,34,SJS,43,41,12,21,8,147,1335,1188,.890,3.48,3,5.6,2538,18,.439,11,115,-19.17,0,0,0,2,David Rittich,30,WPG,21,18,9,8,1,50,506,456,.901,2.67,0,2.7,1122,8,.444,2,103,-1.55,0,0,0,2,Ilya Samsonov,25,TOR,42,40,27,10,5,96,1184,1088,.919,2.33,4,8.5,2476,27,.675,7,85,17.37,0,2,2,0,Felix Sandström,26,PHI,20,18,3,12,3,69,575,506,.880,3.72,0,1.8,1113,5,.278,4,125,-13.94,0,0,0,0,Juuse Saros,27,NSH,64,63,33,23,7,171,2099,1928,.919,2.69,2,14.9,3810,40,.635,9,85,29.98,0,1,1,0,Akira Schmid,22,NJD,18,14,9,5,2,32,408,376,.922,2.13,1,3.0,901,9,.643,2,82,7.07,0,0,0,0,Igor Shesterkin,27,NYR,58,58,37,13,8,144,1719,1575,.916,2.48,3,11.8,3489,35,.603,6,87,20.59,0,1,1,2,Arturs Silovs,21,VAN,5,5,3,2,0,14,152,138,.908,2.75,0,0.9,306,4,.800,1,,,0,0,0,0,Stuart Skinner,24,EDM,50,48,29,14,5,133,1536,1403,.913,2.75,1,10.1,2903,29,.604,9,90,14.07,0,2,2,0,Arvid Soderblom,23,CHI,15,13,2,10,2,48,453,405,.894,3.45,0,2.1,835,6,.462,2,111,-4.63,0,0,0,0,Ilya Sorokin,27,NYI,62,60,31,22,7,140,1838,1698,.924,2.34,6,14.1,3587,42,.700,8,80,35.99,0,1,1,0,Alex Stalock,35,CHI,27,24,9,15,2,74,804,730,.908,3.01,2,4.9,1475,13,.542,2,96,2.98,0,0,0,16,Jaxson Stauber,23,CHI,6,6,5,1,0,17,191,174,.911,2.81,0,1.2,364,4,.667,0,,,0,0,0,0,Anthony Stolarz,29,ANA,19,12,5,6,0,51,494,443,.897,3.73,0,2.4,820,3,.250,2,108,-3.70,0,0,0,0,Jeremy Swayman,24,BOS,37,33,24,6,4,76,953,877,.920,2.27,4,6.9,2013,21,.636,4,83,15.25,0,0,0,2,Mads Søgaard,22,OTT,19,17,8,6,3,58,524,466,.889,3.32,0,2.2,1048,8,.471,4,116,-7.83,0,1,1,0,Cam Talbot,35,OTT,36,32,17,14,2,95,935,840,.898,2.93,1,4.7,1947,21,.656,9,106,-5.47,0,0,0,0,Daniil Tarasov,23,CBJ,17,16,4,11,1,57,528,471,.892,3.91,0,2.3,874,6,.375,5,113,-6.44,0,1,1,0,Logan Thompson,25,VEG,37,36,21,13,3,96,1132,1036,.915,2.65,2,7.7,2171,20,.556,1,89,12.39,0,0,0,2,Dustin Tokarski,33,PIT,4,2,1,2,0,12,117,105,.897,3.44,0,0.6,209,1,.500,0,,,0,0,0,0,Linus Ullmark,29,BOS,49,48,40,6,1,91,1457,1366,.938,1.89,2,13.2,2882,43,.896,1,65,48.51,1,0,1,2,Vítek Van??ek,27,NJD,52,48,33,11,4,119,1333,1214,.911,2.45,3,8.4,2916,32,.667,9,93,8.64,0,3,3,2,Semyon Varlamov,34,NYI,23,22,11,9,2,60,689,629,.913,2.70,2,4.5,1335,14,.636,4,91,5.97,0,0,0,0,Andrei Vasilevskiy,28,TBL,60,60,34,22,4,159,1875,1716,.915,2.65,4,12.7,3596,35,.583,11,89,20.53,0,2,2,0,Karel Vejmelka,26,ARI,50,49,18,24,6,168,1670,1502,.899,3.43,3,8.6,2941,22,.449,7,105,-8.10,0,0,0,2,Daniel Vlada?,25,CGY,27,23,14,6,5,71,667,596,.894,2.87,0,3.1,1484,10,.435,4,111,-7.13,0,0,0,2,Scott Wedgewood,30,DAL,21,18,9,8,3,51,603,552,.915,2.72,1,4.1,1127,13,.722,1,88,6.74,0,0,0,0,Dylan Wells,25,CHI,1,0,0,0,0,1,13,12,.923,3.00,0,0.1,20,0,,0,,,0,0,0,0,Dustin Wolf,21,CGY,1,1,1,0,0,1,24,23,.958,1.00,0,0.3,60,1,1.000,0,,,0,0,0,0,Joseph Woll,24,TOR,7,7,6,1,0,15,219,204,.932,2.16,0,1.8,416,6,.857,0,,,0,0,0,0,Jett Alexander,23,TOR,1,0,0,0,0,0,0,0,,0.00,0,0.0,1,0,,0,,,0,0,0,0,Jake Allen,32,MTL,42,41,15,24,3,145,1335,1190,.891,3.55,1,5.8,2450,20,.488,10,113,-17.17,0,1,1,2,Frederik Andersen,33,CAR,34,33,21,11,1,82,849,767,.903,2.48,1,4.7,1984,17,.515,6,101,-0.71,0,1,1,0,Craig Anderson,41,BUF,26,24,11,11,2,76,823,747,.908,3.06,1,4.9,1490,12,.500,5,96,2.80,0,1,1,2,Justus Annunen,22,COL,2,2,1,1,0,7,48,41,.854,3.58,0,0.0,117,1,.500,1,,,0,0,0,0,Yaroslav Askarov,20,NSH,1,1,0,1,0,4,35,31,.886,4.15,0,0.1,58,0,.000,0,,,0,0,0,0,Matthew Berlin,,EDM,1,0,0,0,0,0,1,1,1.000,0.00,0,0.0,2,0,,0,,,0,0,0,0,Jordan Binnington,29,STL,61,60,27,27,6,194,1826,1632,.894,3.31,2,8.4,3516,27,.450,13,111,-19.16,0,2,2,19,Mackenzie Blackwood,26,NJD,22,20,10,6,2,60,563,503,.893,3.20,0,2.6,1126,11,.550,5,111,-6.09,0,0,0,2,Sergei Bobrovsky,34,FLA,50,49,24,20,3,145,1466,1321,.901,3.07,1,7.8,2834,30,.612,10,103,-4.63,0,0,0,2,Laurent Brossoit,29,VEG,11,10,7,0,3,23,317,294,.927,2.17,0,2.5,636,7,.700,1,,,0,0,0,0,Jack Campbell,31,EDM,36,34,21,9,4,115,1027,912,.888,3.41,1,4.1,2026,12,.353,8,117,-16.66,0,1,1,2,Eric Comrie,27,BUF,19,19,9,9,1,68,594,526,.886,3.67,1,2.2,1112,8,.421,5,120,-11.12,0,1,1,2,Pheonix Copley,31,LAK,37,35,24,6,3,92,947,855,.903,2.64,1,5.2,2089,21,.600,8,101,-1.32,0,1,1,9,Joey Daccord,26,SEA,5,4,2,1,1,13,130,117,.900,3.14,0,0.7,248,1,.250,0,,,0,0,0,0,Collin Delia,28,VAN,20,18,10,6,2,62,526,464,.882,3.28,0,1.8,1136,8,.444,4,123,-11.64,0,1,1,0,Aaron Dell,33,SJS,4,3,0,3,0,9,103,94,.913,2.71,0,0.7,199,2,.667,0,,,0,0,0,0,Thatcher Demko,27,VAN,32,32,14,14,4,99,1005,906,.901,3.16,1,5.4,1879,14,.438,6,103,-2.77,0,1,1,4,Casey DeSmith,31,PIT,38,33,15,16,4,109,1142,1033,.905,3.17,0,6.5,2066,16,.485,7,100,0.35,0,0,0,2,Lukáš Dostál,22,ANA,19,17,4,10,3,67,679,612,.901,3.78,0,3.6,1063,12,.706,1,103,-1.99,0,0,0,0,Brian Elliott,37,TBL,22,22,12,8,2,75,689,614,.891,3.40,2,3.0,1325,9,.409,5,114,-9.03,0,1,1,0,Olle Eriksson Ek,23,ANA,1,1,0,0,1,5,39,34,.872,4.69,0,0.1,64,0,.000,0,,,0,0,0,0,Samuel Ersson,23,PHI,12,10,6,3,0,33,327,294,.899,3.07,1,1.7,645,5,.500,2,,,0,0,0,0,Dylan Ferguson,24,OTT,2,2,1,1,0,5,83,78,.940,2.52,0,0.8,119,1,.500,0,,,0,0,0,0,Marc-André Fleury,38,MIN,46,45,24,16,4,126,1367,1241,.908,2.85,2,8.2,2654,26,.578,8,96,4.89,0,1,1,2,Anton Forsberg,30,OTT,28,25,11,11,2,80,817,737,.902,3.26,2,4.4,1472,12,.480,6,102,-1.77,0,0,0,2,Pavel Francouz,32,COL,16,16,8,7,1,42,493,451,.915,2.61,1,3.3,965,9,.563,3,89,5.20,0,1,1,0,Alexandar Georgiev,26,COL,62,62,40,16,6,156,1904,1748,.918,2.53,5,13.4,3700,41,.661,6,86,26.31,0,1,1,0,John Gibson,29,ANA,53,52,14,31,8,200,1983,1783,.899,3.99,1,10.2,3005,25,.481,13,105,-10.13,0,2,2,12,Jon Gillies,29,CBJ,3,2,1,1,0,9,66,57,.864,4.57,0,0.1,118,0,.000,0,,,0,0,0,0,Jet Greaves,21,CBJ,1,1,0,1,0,3,49,46,.939,3.05,0,0.4,59,1,1.000,0,,,0,0,0,0,Thomas Greiss,37,STL,21,16,7,10,0,65,626,561,.896,3.58,1,3.0,1089,6,.375,4,108,-5.06,0,0,0,0,Philipp Grubauer,31,SEA,39,36,17,14,4,98,930,832,.895,2.85,0,4.4,2066,22,.611,11,110,-8.95,0,1,1,0,Filip Gustavsson,24,MIN,39,37,22,9,7,81,1173,1092,.931,2.10,3,9.8,2311,27,.730,4,72,31.32,0,1,1,0,Jaroslav Halák,37,NYR,25,24,10,9,5,66,680,614,.903,2.72,1,3.8,1454,15,.625,3,101,-0.89,0,1,1,0,Carter Hart,24,PHI,55,54,22,23,10,155,1665,1510,.907,2.94,2,9.9,3164,24,.444,11,97,4.42,0,0,0,0,Magnus Hellberg,31,TOT,18,14,5,8,1,50,447,397,.888,3.20,0,1.8,936,6,.429,2,117,-7.20,0,0,0,0,Magnus Hellberg,31,DET,17,13,4,8,1,48,416,368,.885,3.29,0,1.5,876,5,.385,2,121,-8.17,0,0,0,0,Magnus Hellberg,31,OTT,1,1,1,0,0,2,31,29,.935,2.00,0,0.3,60,1,1.000,0,,,0,0,0,0,Connor Hellebuyck,29,WPG,64,64,37,25,2,157,1964,1807,.920,2.49,4,14.3,3778,44,.688,6,83,31.05,0,0,0,0,Adin Hill,26,VEG,27,25,16,7,1,61,721,660,.915,2.45,0,4.9,1491,16,.640,4,88,8.04,0,1,1,2,Joel Hofer,22,STL,6,6,3,1,1,17,179,162,.905,3.22,0,1.0,317,3,.500,1,,,0,0,0,0,Ville Husso,27,DET,56,56,26,22,7,167,1603,1436,.896,3.11,4,7.7,3220,26,.464,17,109,-13.51,0,0,0,0,Michael Hutchinson,32,CBJ,16,10,2,6,3,54,432,378,.875,4.29,0,1.2,755,2,.200,2,131,-12.64,0,1,1,0,Connor Ingram,25,ARI,27,26,6,13,8,89,960,871,.907,3.37,1,5.7,1587,15,.577,4,97,2.92,0,0,0,2,Tristan Jarry,27,PIT,47,47,24,13,7,128,1414,1286,.909,2.90,2,8.8,2650,27,.574,5,95,7.39,0,2,2,2,Jonas Johansson,27,COL,3,2,2,0,0,5,73,68,.932,2.10,0,0.6,143,1,.500,0,,,0,0,0,0,Martin Jones,33,SEA,48,42,27,13,3,131,1145,1014,.886,2.99,3,4.3,2626,20,.476,14,119,-21.37,0,0,0,0,Kaapo Kähkönen,26,SJS,37,37,9,20,7,135,1149,1014,.883,3.85,1,4.0,2106,14,.378,12,123,-24.98,0,0,0,0,Erik Kallgren,26,TOR,10,9,3,2,4,25,246,221,.898,2.67,0,1.2,562,3,.333,2,,,0,0,0,0,Anton Khudobin,36,CHI,1,1,0,1,0,6,28,22,.786,6.00,0,-0.2,60,0,.000,1,,,0,0,0,0,Keith Kinkaid,33,TOT,2,1,1,0,0,2,40,38,.950,1.37,0,0.4,88,1,1.000,0,,,0,0,0,0,Keith Kinkaid,33,BOS,1,1,1,0,0,1,31,30,.968,1.00,0,0.4,60,1,1.000,0,,,0,0,0,0,Keith Kinkaid,33,COL,1,0,0,0,0,1,9,8,.889,2.15,0,0.0,28,0,,0,,,0,0,0,0,Spencer Knight,21,FLA,21,19,9,8,3,62,627,565,.901,3.18,1,3.4,1169,8,.421,3,103,-1.96,0,1,1,0,Pyotr Kochetkov,23,CAR,24,23,12,7,5,57,627,570,.909,2.44,4,3.9,1404,13,.565,4,95,3.04,0,0,0,0,Joonas Korpisalo,28,TOT,39,37,18,14,4,104,1206,1102,.914,2.87,1,8.0,2172,24,.649,3,90,11.47,0,0,0,0,Joonas Korpisalo,28,CBJ,28,26,11,11,3,82,926,844,.911,3.17,0,5.9,1551,16,.615,2,92,6.66,0,0,0,0,Joonas Korpisalo,28,LAK,11,11,7,3,1,22,280,258,.921,2.13,1,2.1,621,8,.727,1,,,0,0,0,0,Darcy Kuemper,32,WSH,57,56,22,26,7,154,1674,1520,.908,2.87,5,10.1,3224,28,.500,7,96,6.29,0,0,0,4,Kevin Lankinen,27,NSH,19,18,9,8,1,49,583,534,.916,2.75,0,4.0,1069,11,.611,3,88,6.82,0,0,0,2,Devon Levi,21,BUF,7,7,5,2,0,21,222,201,.905,2.94,0,1.3,429,5,.714,1,,,0,0,0,0,Charlie Lindgren,29,WSH,31,26,13,11,3,86,853,767,.899,3.05,0,4.4,1692,14,.538,4,105,-4.33,0,1,1,0,Ukko-Pekka Luukkonen,23,BUF,33,32,17,11,4,115,1054,939,.891,3.61,0,4.5,1910,13,.406,7,114,-14.08,0,1,1,2,Alex Lyon,30,FLA,15,14,9,4,2,43,488,445,.912,2.89,1,3.1,893,10,.714,2,92,3.73,0,0,0,0,Eetu Makiniemi,23,SJS,2,1,1,0,1,3,32,29,.906,2.13,0,0.2,84,1,1.000,0,,,0,0,0,0,Kevin Mandolese,22,OTT,3,3,1,2,0,10,119,109,.916,3.29,0,0.8,182,2,.667,0,,,0,0,0,0,Jacob Markström,33,CGY,59,58,23,21,12,166,1542,1376,.892,2.92,1,6.9,3411,26,.448,14,112,-18.35,0,2,2,14,Spencer Martin,27,VAN,29,27,11,15,1,107,830,723,.871,3.99,0,1.9,1610,8,.296,9,135,-27.53,0,0,0,0,Leevi Merilainen,20,OTT,2,2,0,1,1,6,49,43,.878,4.23,0,0.1,85,1,.500,1,,,0,0,0,0,Elvis Merz?ikins,28,CBJ,30,27,7,18,2,110,889,779,.876,4.23,0,2.5,1560,8,.296,6,129,-24.88,0,1,1,4,Sam Montembeault,26,MTL,40,39,16,19,3,133,1345,1212,.901,3.42,0,7.2,2334,21,.538,8,103,-4.22,0,0,0,0,Petr Mrázek,30,CHI,39,38,10,22,3,132,1248,1116,.894,3.66,0,5.8,2165,19,.500,7,110,-12.50,0,2,2,4,Matt Murray,28,TOR,26,26,14,8,2,74,761,687,.903,3.01,1,4.2,1473,13,.500,8,102,-1.13,0,0,0,0,Matt Murray,24,DAL,3,3,1,2,0,10,64,54,.844,3.39,0,0.0,177,1,.333,1,,,0,0,0,0,Alex Nedeljkovic,27,DET,15,13,5,7,2,49,466,417,.895,3.53,0,2.2,833,5,.385,2,110,-4.38,0,0,0,2,Jake Oettinger,24,DAL,62,61,37,11,11,144,1776,1632,.919,2.37,5,12.7,3645,39,.639,8,85,26.05,0,1,1,2,Ji?í Patera,23,VEG,2,2,2,0,0,5,70,65,.929,2.50,0,0.6,120,2,1.000,0,,,0,0,0,0,Calvin Petersen,28,LAK,10,9,5,3,2,34,257,223,.868,3.75,0,0.5,543,3,.333,3,,,0,0,0,0,Cayden Primeau,23,MTL,3,2,0,2,0,8,54,46,.852,3.46,0,0.0,139,1,.500,1,,,0,0,0,0,Ivan Prosvetov,23,ARI,7,7,4,3,0,28,234,206,.880,3.98,0,0.8,422,3,.429,2,,,0,0,0,0,Jonathan Quick,37,TOT,41,36,16,15,6,127,1080,953,.882,3.41,2,3.7,2234,14,.389,10,123,-23.59,0,0,0,4,Jonathan Quick,37,LAK,31,27,11,13,4,99,798,699,.876,3.50,1,2.2,1698,10,.370,8,130,-22.59,0,0,0,2,Jonathan Quick,37,VEG,10,9,5,2,2,28,282,254,.901,3.13,1,1.5,536,4,.444,2,,,0,0,0,2,Antti Raanta,33,CAR,27,26,19,3,3,58,644,586,.910,2.23,4,4.0,1561,13,.500,5,94,3.66,0,0,0,0,James Reimer,34,SJS,43,41,12,21,8,147,1335,1188,.890,3.48,3,5.6,2538,18,.439,11,115,-19.17,0,0,0,2,David Rittich,30,WPG,21,18,9,8,1,50,506,456,.901,2.67,0,2.7,1122,8,.444,2,103,-1.55,0,0,0,2,Ilya Samsonov,25,TOR,42,40,27,10,5,96,1184,1088,.919,2.33,4,8.5,2476,27,.675,7,85,17.37,0,2,2,0,Felix Sandström,26,PHI,20,18,3,12,3,69,575,506,.880,3.72,0,1.8,1113,5,.278,4,125,-13.94,0,0,0,0,Juuse Saros,27,NSH,64,63,33,23,7,171,2099,1928,.919,2.69,2,14.9,3810,40,.635,9,85,29.98,0,1,1,0,Akira Schmid,22,NJD,18,14,9,5,2,32,408,376,.922,2.13,1,3.0,901,9,.643,2,82,7.07,0,0,0,0,Igor Shesterkin,27,NYR,58,58,37,13,8,144,1719,1575,.916,2.48,3,11.8,3489,35,.603,6,87,20.59,0,1,1,2,Arturs Silovs,21,VAN,5,5,3,2,0,14,152,138,.908,2.75,0,0.9,306,4,.800,1,,,0,0,0,0,Stuart Skinner,24,EDM,50,48,29,14,5,133,1536,1403,.913,2.75,1,10.1,2903,29,.604,9,90,14.07,0,2,2,0,Arvid Soderblom,23,CHI,15,13,2,10,2,48,453,405,.894,3.45,0,2.1,835,6,.462,2,111,-4.63,0,0,0,0,Ilya Sorokin,27,NYI,62,60,31,22,7,140,1838,1698,.924,2.34,6,14.1,3587,42,.700,8,80,35.99,0,1,1,0,Alex Stalock,35,CHI,27,24,9,15,2,74,804,730,.908,3.01,2,4.9,1475,13,.542,2,96,2.98,0,0,0,16,Jaxson Stauber,23,CHI,6,6,5,1,0,17,191,174,.911,2.81,0,1.2,364,4,.667,0,,,0,0,0,0,Anthony Stolarz,29,ANA,19,12,5,6,0,51,494,443,.897,3.73,0,2.4,820,3,.250,2,108,-3.70,0,0,0,0,Jeremy Swayman,24,BOS,37,33,24,6,4,76,953,877,.920,2.27,4,6.9,2013,21,.636,4,83,15.25,0,0,0,2,Mads Søgaard,22,OTT,19,17,8,6,3,58,524,466,.889,3.32,0,2.2,1048,8,.471,4,116,-7.83,0,1,1,0,Cam Talbot,35,OTT,36,32,17,14,2,95,935,840,.898,2.93,1,4.7,1947,21,.656,9,106,-5.47,0,0,0,0,Daniil Tarasov,23,CBJ,17,16,4,11,1,57,528,471,.892,3.91,0,2.3,874,6,.375,5,113,-6.44,0,1,1,0,Logan Thompson,25,VEG,37,36,21,13,3,96,1132,1036,.915,2.65,2,7.7,2171,20,.556,1,89,12.39,0,0,0,2,Dustin Tokarski,33,PIT,4,2,1,2,0,12,117,105,.897,3.44,0,0.6,209,1,.500,0,,,0,0,0,0,Linus Ullmark,29,BOS,49,48,40,6,1,91,1457,1366,.938,1.89,2,13.2,2882,43,.896,1,65,48.51,1,0,1,2,Vítek Van??ek,27,NJD,52,48,33,11,4,119,1333,1214,.911,2.45,3,8.4,2916,32,.667,9,93,8.64,0,3,3,2,Semyon Varlamov,34,NYI,23,22,11,9,2,60,689,629,.913,2.70,2,4.5,1335,14,.636,4,91,5.97,0,0,0,0,Andrei Vasilevskiy,28,TBL,60,60,34,22,4,159,1875,1716,.915,2.65,4,12.7,3596,35,.583,11,89,20.53,0,2,2,0,Karel Vejmelka,26,ARI,50,49,18,24,6,168,1670,1502,.899,3.43,3,8.6,2941,22,.449,7,105,-8.10,0,0,0,2,Daniel Vlada?,25,CGY,27,23,14,6,5,71,667,596,.894,2.87,0,3.1,1484,10,.435,4,111,-7.13,0,0,0,2,Scott Wedgewood,30,DAL,21,18,9,8,3,51,603,552,.915,2.72,1,4.1,1127,13,.722,1,88,6.74,0,0,0,0,Dylan Wells,25,CHI,1,0,0,0,0,1,13,12,.923,3.00,0,0.1,20,0,,0,,,0,0,0,0,Dustin Wolf,21,CGY,1,1,1,0,0,1,24,23,.958,1.00,0,0.3,60,1,1.000,0,,,0,0,0,0,Joseph Woll,24,TOR,7,7,6,1,0,15,219,204,.932,2.16,0,1.8,416,6,.857,0,,,0,0,0,0,
Jett Alexander,23,TOR,1,0,0,0,0,0,0,0,,0.00,0,0.0,1,0,,0,,,0,0,0,0,
Jake Allen,32,MTL,42,41,15,24,3,145,1335,1190,.891,3.55,1,5.8,2450,20,.488,10,113,-17.17,0,1,1,2,
Frederik Andersen,33,CAR,34,33,21,11,1,82,849,767,.903,2.48,1,4.7,1984,17,.515,6,101,-0.71,0,1,1,0,
Craig Anderson,41,BUF,26,24,11,11,2,76,823,747,.908,3.06,1,4.9,1490,12,.500,5,96,2.80,0,1,1,2,
Justus Annunen,22,COL,2,2,1,1,0,7,48,41,.854,3.58,0,0.0,117,1,.500,1,,,0,0,0,0,
Yaroslav Askarov,20,NSH,1,1,0,1,0,4,35,31,.886,4.15,0,0.1,58,0,.000,0,,,0,0,0,0,
Matthew Berlin,,EDM,1,0,0,0,0,0,1,1,1.000,0.00,0,0.0,2,0,,0,,,0,0,0,0,
Jordan Binnington,29,STL,61,60,27,27,6,194,1826,1632,.894,3.31,2,8.4,3516,27,.450,13,111,-19.16,0,2,2,19,
Mackenzie Blackwood,26,NJD,22,20,10,6,2,60,563,503,.893,3.20,0,2.6,1126,11,.550,5,111,-6.09,0,0,0,2,
Sergei Bobrovsky,34,FLA,50,49,24,20,3,145,1466,1321,.901,3.07,1,7.8,2834,30,.612,10,103,-4.63,0,0,0,2,
Laurent Brossoit,29,VEG,11,10,7,0,3,23,317,294,.927,2.17,0,2.5,636,7,.700,1,,,0,0,0,0,
Jack Campbell,31,EDM,36,34,21,9,4,115,1027,912,.888,3.41,1,4.1,2026,12,.353,8,117,-16.66,0,1,1,2,
Eric Comrie,27,BUF,19,19,9,9,1,68,594,526,.886,3.67,1,2.2,1112,8,.421,5,120,-11.12,0,1,1,2,
Pheonix Copley,31,LAK,37,35,24,6,3,92,947,855,.903,2.64,1,5.2,2089,21,.600,8,101,-1.32,0,1,1,9,
Joey Daccord,26,SEA,5,4,2,1,1,13,130,117,.900,3.14,0,0.7,248,1,.250,0,,,0,0,0,0,
Collin Delia,28,VAN,20,18,10,6,2,62,526,464,.882,3.28,0,1.8,1136,8,.444,4,123,-11.64,0,1,1,0,
Aaron Dell,33,SJS,4,3,0,3,0,9,103,94,.913,2.71,0,0.7,199,2,.667,0,,,0,0,0,0,
Thatcher Demko,27,VAN,32,32,14,14,4,99,1005,906,.901,3.16,1,5.4,1879,14,.438,6,103,-2.77,0,1,1,4,
Casey DeSmith,31,PIT,38,33,15,16,4,109,1142,1033,.905,3.17,0,6.5,2066,16,.485,7,100,0.35,0,0,0,2,
Lukáš Dostál,22,ANA,19,17,4,10,3,67,679,612,.901,3.78,0,3.6,1063,12,.706,1,103,-1.99,0,0,0,0,
Brian Elliott,37,TBL,22,22,12,8,2,75,689,614,.891,3.40,2,3.0,1325,9,.409,5,114,-9.03,0,1,1,0,
Olle Eriksson Ek,23,ANA,1,1,0,0,1,5,39,34,.872,4.69,0,0.1,64,0,.000,0,,,0,0,0,0,
Samuel Ersson,23,PHI,12,10,6,3,0,33,327,294,.899,3.07,1,1.7,645,5,.500,2,,,0,0,0,0,
Dylan Ferguson,24,OTT,2,2,1,1,0,5,83,78,.940,2.52,0,0.8,119,1,.500,0,,,0,0,0,0,
Marc-André Fleury,38,MIN,46,45,24,16,4,126,1367,1241,.908,2.85,2,8.2,2654,26,.578,8,96,4.89,0,1,1,2,
Anton Forsberg,30,OTT,28,25,11,11,2,80,817,737,.902,3.26,2,4.4,1472,12,.480,6,102,-1.77,0,0,0,2,
Pavel Francouz,32,COL,16,16,8,7,1,42,493,451,.915,2.61,1,3.3,965,9,.563,3,89,5.20,0,1,1,0,
Alexandar Georgiev,26,COL,62,62,40,16,6,156,1904,1748,.918,2.53,5,13.4,3700,41,.661,6,86,26.31,0,1,1,0,
John Gibson,29,ANA,53,52,14,31,8,200,1983,1783,.899,3.99,1,10.2,3005,25,.481,13,105,-10.13,0,2,2,12,
Jon Gillies,29,CBJ,3,2,1,1,0,9,66,57,.864,4.57,0,0.1,118,0,.000,0,,,0,0,0,0,
Jet Greaves,21,CBJ,1,1,0,1,0,3,49,46,.939,3.05,0,0.4,59,1,1.000,0,,,0,0,0,0,
Thomas Greiss,37,STL,21,16,7,10,0,65,626,561,.896,3.58,1,3.0,1089,6,.375,4,108,-5.06,0,0,0,0,
Philipp Grubauer,31,SEA,39,36,17,14,4,98,930,832,.895,2.85,0,4.4,2066,22,.611,11,110,-8.95,0,1,1,0,
Filip Gustavsson,24,MIN,39,37,22,9,7,81,1173,1092,.931,2.10,3,9.8,2311,27,.730,4,72,31.32,0,1,1,0,
Jaroslav Halák,37,NYR,25,24,10,9,5,66,680,614,.903,2.72,1,3.8,1454,15,.625,3,101,-0.89,0,1,1,0,
Carter Hart,24,PHI,55,54,22,23,10,155,1665,1510,.907,2.94,2,9.9,3164,24,.444,11,97,4.42,0,0,0,0,
Magnus Hellberg,31,TOT,18,14,5,8,1,50,447,397,.888,3.20,0,1.8,936,6,.429,2,117,-7.20,0,0,0,0,
Magnus Hellberg,31,DET,17,13,4,8,1,48,416,368,.885,3.29,0,1.5,876,5,.385,2,121,-8.17,0,0,0,0,
Magnus Hellberg,31,OTT,1,1,1,0,0,2,31,29,.935,2.00,0,0.3,60,1,1.000,0,,,0,0,0,0,
Connor Hellebuyck,29,WPG,64,64,37,25,2,157,1964,1807,.920,2.49,4,14.3,3778,44,.688,6,83,31.05,0,0,0,0,
Adin Hill,26,VEG,27,25,16,7,1,61,721,660,.915,2.45,0,4.9,1491,16,.640,4,88,8.04,0,1,1,2,
Joel Hofer,22,STL,6,6,3,1,1,17,179,162,.905,3.22,0,1.0,317,3,.500,1,,,0,0,0,0,
Ville Husso,27,DET,56,56,26,22,7,167,1603,1436,.896,3.11,4,7.7,3220,26,.464,17,109,-13.51,0,0,0,0,
Michael Hutchinson,32,CBJ,16,10,2,6,3,54,432,378,.875,4.29,0,1.2,755,2,.200,2,131,-12.64,0,1,1,0,
Connor Ingram,25,ARI,27,26,6,13,8,89,960,871,.907,3.37,1,5.7,1587,15,.577,4,97,2.92,0,0,0,2,
Tristan Jarry,27,PIT,47,47,24,13,7,128,1414,1286,.909,2.90,2,8.8,2650,27,.574,5,95,7.39,0,2,2,2,
Jonas Johansson,27,COL,3,2,2,0,0,5,73,68,.932,2.10,0,0.6,143,1,.500,0,,,0,0,0,0,
Martin Jones,33,SEA,48,42,27,13,3,131,1145,1014,.886,2.99,3,4.3,2626,20,.476,14,119,-21.37,0,0,0,0,
Kaapo Kähkönen,26,SJS,37,37,9,20,7,135,1149,1014,.883,3.85,1,4.0,2106,14,.378,12,123,-24.98,0,0,0,0,
Erik Kallgren,26,TOR,10,9,3,2,4,25,246,221,.898,2.67,0,1.2,562,3,.333,2,,,0,0,0,0,
Anton Khudobin,36,CHI,1,1,0,1,0,6,28,22,.786,6.00,0,-0.2,60,0,.000,1,,,0,0,0,0,
Keith Kinkaid,33,TOT,2,1,1,0,0,2,40,38,.950,1.37,0,0.4,88,1,1.000,0,,,0,0,0,0,
Keith Kinkaid,33,BOS,1,1,1,0,0,1,31,30,.968,1.00,0,0.4,60,1,1.000,0,,,0,0,0,0,
Keith Kinkaid,33,COL,1,0,0,0,0,1,9,8,.889,2.15,0,0.0,28,0,,0,,,0,0,0,0,
Spencer Knight,21,FLA,21,19,9,8,3,62,627,565,.901,3.18,1,3.4,1169,8,.421,3,103,-1.96,0,1,1,0,
Pyotr Kochetkov,23,CAR,24,23,12,7,5,57,627,570,.909,2.44,4,3.9,1404,13,.565,4,95,3.04,0,0,0,0,
Joonas Korpisalo,28,TOT,39,37,18,14,4,104,1206,1102,.914,2.87,1,8.0,2172,24,.649,3,90,11.47,0,0,0,0,
Joonas Korpisalo,28,CBJ,28,26,11,11,3,82,926,844,.911,3.17,0,5.9,1551,16,.615,2,92,6.66,0,0,0,0,
Joonas Korpisalo,28,LAK,11,11,7,3,1,22,280,258,.921,2.13,1,2.1,621,8,.727,1,,,0,0,0,0,
Darcy Kuemper,32,WSH,57,56,22,26,7,154,1674,1520,.908,2.87,5,10.1,3224,28,.500,7,96,6.29,0,0,0,4,
Kevin Lankinen,27,NSH,19,18,9,8,1,49,583,534,.916,2.75,0,4.0,1069,11,.611,3,88,6.82,0,0,0,2,
Devon Levi,21,BUF,7,7,5,2,0,21,222,201,.905,2.94,0,1.3,429,5,.714,1,,,0,0,0,0,
Charlie Lindgren,29,WSH,31,26,13,11,3,86,853,767,.899,3.05,0,4.4,1692,14,.538,4,105,-4.33,0,1,1,0,
Ukko-Pekka Luukkonen,23,BUF,33,32,17,11,4,115,1054,939,.891,3.61,0,4.5,1910,13,.406,7,114,-14.08,0,1,1,2,
Alex Lyon,30,FLA,15,14,9,4,2,43,488,445,.912,2.89,1,3.1,893,10,.714,2,92,3.73,0,0,0,0,
Eetu Makiniemi,23,SJS,2,1,1,0,1,3,32,29,.906,2.13,0,0.2,84,1,1.000,0,,,0,0,0,0,
Kevin Mandolese,22,OTT,3,3,1,2,0,10,119,109,.916,3.29,0,0.8,182,2,.667,0,,,0,0,0,0,
Jacob Markström,33,CGY,59,58,23,21,12,166,1542,1376,.892,2.92,1,6.9,3411,26,.448,14,112,-18.35,0,2,2,14,
Spencer Martin,27,VAN,29,27,11,15,1,107,830,723,.871,3.99,0,1.9,1610,8,.296,9,135,-27.53,0,0,0,0,
Leevi Merilainen,20,OTT,2,2,0,1,1,6,49,43,.878,4.23,0,0.1,85,1,.500,1,,,0,0,0,0,
Elvis Merz?ikins,28,CBJ,30,27,7,18,2,110,889,779,.876,4.23,0,2.5,1560,8,.296,6,129,-24.88,0,1,1,4,
Sam Montembeault,26,MTL,40,39,16,19,3,133,1345,1212,.901,3.42,0,7.2,2334,21,.538,8,103,-4.22,0,0,0,0,
Petr Mrázek,30,CHI,39,38,10,22,3,132,1248,1116,.894,3.66,0,5.8,2165,19,.500,7,110,-12.50,0,2,2,4,
Matt Murray,28,TOR,26,26,14,8,2,74,761,687,.903,3.01,1,4.2,1473,13,.500,8,102,-1.13,0,0,0,0,
Matt Murray,24,DAL,3,3,1,2,0,10,64,54,.844,3.39,0,0.0,177,1,.333,1,,,0,0,0,0,
Alex Nedeljkovic,27,DET,15,13,5,7,2,49,466,417,.895,3.53,0,2.2,833,5,.385,2,110,-4.38,0,0,0,2,
Jake Oettinger,24,DAL,62,61,37,11,11,144,1776,1632,.919,2.37,5,12.7,3645,39,.639,8,85,26.05,0,1,1,2,
Ji?í Patera,23,VEG,2,2,2,0,0,5,70,65,.929,2.50,0,0.6,120,2,1.000,0,,,0,0,0,0,
Calvin Petersen,28,LAK,10,9,5,3,2,34,257,223,.868,3.75,0,0.5,543,3,.333,3,,,0,0,0,0,
Cayden Primeau,23,MTL,3,2,0,2,0,8,54,46,.852,3.46,0,0.0,139,1,.500,1,,,0,0,0,0,
Ivan Prosvetov,23,ARI,7,7,4,3,0,28,234,206,.880,3.98,0,0.8,422,3,.429,2,,,0,0,0,0,
Jonathan Quick,37,TOT,41,36,16,15,6,127,1080,953,.882,3.41,2,3.7,2234,14,.389,10,123,-23.59,0,0,0,4,
Jonathan Quick,37,LAK,31,27,11,13,4,99,798,699,.876,3.50,1,2.2,1698,10,.370,8,130,-22.59,0,0,0,2,
Jonathan Quick,37,VEG,10,9,5,2,2,28,282,254,.901,3.13,1,1.5,536,4,.444,2,,,0,0,0,2,
Antti Raanta,33,CAR,27,26,19,3,3,58,644,586,.910,2.23,4,4.0,1561,13,.500,5,94,3.66,0,0,0,0,
James Reimer,34,SJS,43,41,12,21,8,147,1335,1188,.890,3.48,3,5.6,2538,18,.439,11,115,-19.17,0,0,0,2,
David Rittich,30,WPG,21,18,9,8,1,50,506,456,.901,2.67,0,2.7,1122,8,.444,2,103,-1.55,0,0,0,2,
Ilya Samsonov,25,TOR,42,40,27,10,5,96,1184,1088,.919,2.33,4,8.5,2476,27,.675,7,85,17.37,0,2,2,0,
Felix Sandström,26,PHI,20,18,3,12,3,69,575,506,.880,3.72,0,1.8,1113,5,.278,4,125,-13.94,0,0,0,0,
Juuse Saros,27,NSH,64,63,33,23,7,171,2099,1928,.919,2.69,2,14.9,3810,40,.635,9,85,29.98,0,1,1,0,
Akira Schmid,22,NJD,18,14,9,5,2,32,408,376,.922,2.13,1,3.0,901,9,.643,2,82,7.07,0,0,0,0,
Igor Shesterkin,27,NYR,58,58,37,13,8,144,1719,1575,.916,2.48,3,11.8,3489,35,.603,6,87,20.59,0,1,1,2,
Arturs Silovs,21,VAN,5,5,3,2,0,14,152,138,.908,2.75,0,0.9,306,4,.800,1,,,0,0,0,0,
Stuart Skinner,24,EDM,50,48,29,14,5,133,1536,1403,.913,2.75,1,10.1,2903,29,.604,9,90,14.07,0,2,2,0,
Arvid Soderblom,23,CHI,15,13,2,10,2,48,453,405,.894,3.45,0,2.1,835,6,.462,2,111,-4.63,0,0,0,0,
Ilya Sorokin,27,NYI,62,60,31,22,7,140,1838,1698,.924,2.34,6,14.1,3587,42,.700,8,80,35.99,0,1,1,0,
Alex Stalock,35,CHI,27,24,9,15,2,74,804,730,.908,3.01,2,4.9,1475,13,.542,2,96,2.98,0,0,0,16,
Jaxson Stauber,23,CHI,6,6,5,1,0,17,191,174,.911,2.81,0,1.2,364,4,.667,0,,,0,0,0,0,
Anthony Stolarz,29,ANA,19,12,5,6,0,51,494,443,.897,3.73,0,2.4,820,3,.250,2,108,-3.70,0,0,0,0,
Jeremy Swayman,24,BOS,37,33,24,6,4,76,953,877,.920,2.27,4,6.9,2013,21,.636,4,83,15.25,0,0,0,2,
Mads Søgaard,22,OTT,19,17,8,6,3,58,524,466,.889,3.32,0,2.2,1048,8,.471,4,116,-7.83,0,1,1,0,
Cam Talbot,35,OTT,36,32,17,14,2,95,935,840,.898,2.93,1,4.7,1947,21,.656,9,106,-5.47,0,0,0,0,
Daniil Tarasov,23,CBJ,17,16,4,11,1,57,528,471,.892,3.91,0,2.3,874,6,.375,5,113,-6.44,0,1,1,0,
Logan Thompson,25,VEG,37,36,21,13,3,96,1132,1036,.915,2.65,2,7.7,2171,20,.556,1,89,12.39,0,0,0,2,
Dustin Tokarski,33,PIT,4,2,1,2,0,12,117,105,.897,3.44,0,0.6,209,1,.500,0,,,0,0,0,0,
Linus Ullmark,29,BOS,49,48,40,6,1,91,1457,1366,.938,1.89,2,13.2,2882,43,.896,1,65,48.51,1,0,1,2,
Vítek Van??ek,27,NJD,52,48,33,11,4,119,1333,1214,.911,2.45,3,8.4,2916,32,.667,9,93,8.64,0,3,3,2,
Semyon Varlamov,34,NYI,23,22,11,9,2,60,689,629,.913,2.70,2,4.5,1335,14,.636,4,91,5.97,0,0,0,0,
Andrei Vasilevskiy,28,TBL,60,60,34,22,4,159,1875,1716,.915,2.65,4,12.7,3596,35,.583,11,89,20.53,0,2,2,0,
Karel Vejmelka,26,ARI,50,49,18,24,6,168,1670,1502,.899,3.43,3,8.6,2941,22,.449,7,105,-8.10,0,0,0,2,
Daniel Vlada?,25,CGY,27,23,14,6,5,71,667,596,.894,2.87,0,3.1,1484,10,.435,4,111,-7.13,0,0,0,2,
Scott Wedgewood,30,DAL,21,18,9,8,3,51,603,552,.915,2.72,1,4.1,1127,13,.722,1,88,6.74,0,0,0,0,
Dylan Wells,25,CHI,1,0,0,0,0,1,13,12,.923,3.00,0,0.1,20,0,,0,,,0,0,0,0,
Dustin Wolf,21,CGY,1,1,1,0,0,1,24,23,.958,1.00,0,0.3,60,1,1.000,0,,,0,0,0,0,
Joseph Woll,24,TOR,7,7,6,1,0,15,219,204,.932,2.16,0,1.8,416,6,.857,0,,,0,0,0,0,